n,run,theta_NO,theta_BH,t_NO,t_BH
10,0,3.660004585981369e-05,0.002603400032967329,0.002075799973681569,0.00034529995173215866
10,1,2.5999965146183968e-05,0.0004140000091865659,0.0014572000363841653,0.00023820006754249334
10,2,2.2699940018355846e-05,0.0004192999331280589,0.0012610000558197498,0.00020100001711398363
10,3,2.359994687139988e-05,0.00041259999852627516,0.0015931000234559178,0.0001509999856352806
10,4,2.2399937734007835e-05,0.0004062000662088394,0.00134529999922961,0.0005253999261185527
10,5,2.310005947947502e-05,0.0004091999726369977,0.001358899986371398,0.0003958999877795577
10,6,2.2900057956576347e-05,0.0004107999848201871,0.0010634999489411712,0.00019890000112354755
10,7,2.2500054910779e-05,0.0003992000129073858,0.001448199967853725,0.0003339999821037054
10,8,2.6499968953430653e-05,0.00039930001366883516,0.001263100071810186,0.0004486000398173928
10,9,2.3000058718025684e-05,0.00040369993075728416,0.002854099962860346,0.0005743000656366348
10,10,2.329994458705187e-05,0.00039510009810328484,0.001079200068488717,0.0003497999859973788
10,11,2.2999942302703857e-05,0.0004140998935326934,0.0011248000664636493,0.000381499994546175
10,12,2.350006252527237e-05,0.0003953000996261835,0.0011941000120714307,0.00024480000138282776
10,13,2.2499938495457172e-05,0.00040010001976042986,0.0010465000523254275,0.0003790999762713909
10,14,2.2099935449659824e-05,0.00039739999920129776,0.0012319000670686364,0.00039569998625665903
10,15,2.2400054149329662e-05,0.00038860004860907793,0.0010883999057114124,0.00044299999717622995
10,16,2.210005186498165e-05,0.000391000066883862,0.0015196999302133918,0.00034689996391534805
10,17,2.1900050342082977e-05,0.00039219995960593224,0.0010498999617993832,0.00018269999418407679
10,18,2.529995981603861e-05,0.0003918999573215842,0.0012672999873757362,0.0004572001053020358
10,19,2.1699932403862476e-05,0.00039309996645897627,0.0010421000188216567,0.00023720005992799997
10,20,2.2500054910779e-05,0.0003918000729754567,0.0011546999448910356,0.000535300001502037
10,21,2.22999369725585e-05,0.00039579998701810837,0.0015362000558525324,0.0001412000274285674
10,22,2.2300053387880325e-05,0.0003864000318571925,0.0010757999261841178,0.00039279996417462826
10,23,2.2099935449659824e-05,0.00038870004937052727,0.001284400001168251,0.00040119991172105074
10,24,2.189993392676115e-05,0.00039570010267198086,0.0013547000708058476,0.00022879999596625566
10,25,2.22999369725585e-05,0.0004007000243291259,0.0014356001047417521,0.00039439997635781765
10,26,2.259993925690651e-05,0.0003980000037699938,0.0009556000586599112,0.0001401999033987522
10,27,2.189993392676115e-05,0.0004112999886274338,0.00115130003541708,0.0007203000131994486
10,28,2.259993925690651e-05,0.000408099964261055,0.0010705000022426248,0.0003309000749140978
10,29,2.2999942302703857e-05,0.00039299996569752693,0.0008427000138908625,0.00022810010705143213
10,30,2.2399937734007835e-05,0.00041259999852627516,0.001640800037421286,8.789997082203627e-05
10,31,2.2000051103532314e-05,0.0003891999367624521,0.0011153999948874116,0.0004024000372737646
10,32,2.2600055672228336e-05,0.00039900001138448715,0.001587799983099103,0.00043379992712289095
10,33,2.22999369725585e-05,0.0004205000586807728,0.001216700067743659,0.0001385000068694353
10,34,2.1700048819184303e-05,0.0003960999893024564,0.001058399910107255,0.0005650999955832958
10,35,2.1699932403862476e-05,0.000404000049456954,0.0014028000878170133,0.0002813000464811921
10,36,2.2399937734007835e-05,0.00039409997407346964,0.001381400041282177,0.00019479996990412474
10,37,2.2500054910779e-05,0.00039739999920129776,0.0013201000401750207,0.00013770000077784061
10,38,2.1699932403862476e-05,0.00039030006155371666,0.0011291999835520983,0.0005425999406725168
10,39,2.22999369725585e-05,0.0003869000356644392,0.0014221000019460917,0.00036449998151510954
10,40,2.189993392676115e-05,0.0003955999854952097,0.0012675999896600842,0.00018990004900842905
10,41,2.210005186498165e-05,0.0003926999634131789,0.0012474999530240893,0.00047179998364299536
10,42,2.189993392676115e-05,0.00039240007754415274,0.0010497000766918063,0.00018800003454089165
10,43,2.3499946109950542e-05,0.0003974999999627471,0.0013670000480487943,0.0004643999272957444
10,44,2.2000051103532314e-05,0.0003909000661224127,0.00129060004837811,0.00044510001316666603
10,45,2.5799963623285294e-05,0.00039249996189028025,0.0013191000325605273,0.00043130002450197935
10,46,2.1700048819184303e-05,0.0003874000394716859,0.0009472999954596162,0.000440100091509521
10,47,2.2300053387880325e-05,0.0003936999710276723,0.0014053999911993742,0.0002894999925047159
10,48,2.1600048057734966e-05,0.00039109995122998953,0.0011755999876186252,0.0004520000657066703
10,49,2.150004729628563e-05,0.000372599926777184,0.0010665999725461006,0.0003568000392988324
10,50,2.22999369725585e-05,0.00039240007754415274,0.0013143999967724085,0.00014549994375556707
10,51,2.150004729628563e-05,0.00038670003414154053,0.0009014999959617853,0.0003386000171303749
10,52,2.1900050342082977e-05,0.0003992000129073858,0.0013195999199524522,0.0007691000355407596
10,53,2.2499938495457172e-05,0.0004016000311821699,0.0014865000266581774,0.00045519997365772724
10,54,2.280005719512701e-05,0.00039060006383806467,0.0011985000455752015,0.00017659994773566723
10,55,2.129992935806513e-05,0.0003958999877795577,0.0011662000324577093,0.00013830000534653664
10,56,2.2000051103532314e-05,0.0004018999170511961,0.0012111000251024961,0.0002772000152617693
10,57,2.259993925690651e-05,0.0003912000684067607,0.0010327000636607409,0.00024830002803355455
10,58,2.1200045011937618e-05,0.00039350008592009544,0.0010995999909937382,0.00029669993091374636
10,59,2.2399937734007835e-05,0.0003760999534279108,0.000978900003246963,0.0005730000557377934
10,60,2.1900050342082977e-05,0.0003781999694183469,0.000936600030399859,0.00018019997514784336
10,61,2.2600055672228336e-05,0.0003787999739870429,0.0009024000028148293,0.00033469998743385077
10,62,2.189993392676115e-05,0.00037869997322559357,0.0011919999960809946,0.0004427999956533313
10,63,2.1799933165311813e-05,0.0003773999633267522,0.001118500018492341,0.0002440999960526824
10,64,2.22999369725585e-05,0.00037429993972182274,0.0015499000437557697,0.00038590002804994583
10,65,2.1400046534836292e-05,0.000381199992261827,0.0011971000349149108,0.00027929991483688354
10,66,2.2099935449659824e-05,0.0003793999785557389,0.0010285000316798687,0.0001832999987527728
10,67,2.1999934688210487e-05,0.00038810004480183125,0.0012255000183358788,0.0003515999997034669
10,68,2.159993164241314e-05,0.0003797999816015363,0.0014527000021189451,0.0001379000023007393
10,69,2.2300053387880325e-05,0.00037459994200617075,0.0012954999692738056,0.00029230001382529736
10,70,2.180004958063364e-05,0.00038109999150037766,0.0012140999315306544,0.0004376999568194151
10,71,2.1999934688210487e-05,0.000372599926777184,0.0012592000421136618,0.00027570000384002924
10,72,2.1699932403862476e-05,0.00038029998540878296,0.000994600006379187,0.00019010005053132772
10,73,2.2300053387880325e-05,0.00037699996028095484,0.001604399993084371,0.00014220003504306078
10,74,2.2500054910779e-05,0.00037530006375163794,0.0013479999033734202,0.00022599997464567423
10,75,2.7700094506144524e-05,0.0003736999351531267,0.0015110999811440706,0.0003220000071451068
10,76,2.2400054149329662e-05,0.00037859997246414423,0.0013467000098899007,0.00023809995036572218
10,77,2.159993164241314e-05,0.0003798999823629856,0.0014147000620141625,0.00023929995950311422
10,78,2.2300053387880325e-05,0.00037519994657486677,0.0012688999995589256,0.00013890000991523266
10,79,2.119992859661579e-05,0.0003790999762713909,0.000986000057309866,0.0002919000107795
10,80,2.220005262643099e-05,0.00038300000596791506,0.0009533000411465764,0.0002759000053629279
10,81,2.2699940018355846e-05,0.0003695000195875764,0.001052000094205141,0.0005276000592857599
10,82,2.1600048057734966e-05,0.00038070010486990213,0.0012251000152900815,0.00024179997853934765
10,83,2.1900050342082977e-05,0.00037589995190501213,0.0016438999446108937,0.00028270005714148283
10,84,2.1400046534836292e-05,0.0003573999274522066,0.0013277999823912978,0.00019090005662292242
10,85,2.1900050342082977e-05,0.000380899989977479,0.0015020000282675028,0.0002362999366596341
10,86,2.3300061002373695e-05,0.0003795999800786376,0.0012030999641865492,0.0003434000536799431
10,87,2.2499938495457172e-05,0.00037810008507221937,0.0010507000843062997,0.0005167999770492315
10,88,2.1300045773386955e-05,0.0003755999496206641,0.0011460999958217144,0.00023490004241466522
10,89,2.220005262643099e-05,0.0003809001063928008,0.0009979000315070152,0.0003481000894680619
10,90,2.2900057956576347e-05,0.0003757000667974353,0.0012153999414294958,0.0004368999507278204
10,91,2.1900050342082977e-05,0.00037969998084008694,0.00122079998254776,0.00039870000910013914
10,92,2.2500054910779e-05,0.0003755999496206641,0.001128499978221953,0.00024880003184080124
10,93,2.150004729628563e-05,0.00037999998312443495,0.001061099930666387,0.00032540003303438425
10,94,2.259993925690651e-05,0.00037869997322559357,0.0015281999949365854,0.00037949997931718826
10,95,2.1399930119514465e-05,0.0003755000652745366,0.000974500086158514,0.00028659997042268515
10,96,2.1799933165311813e-05,0.000381799996830523,0.0011140999849885702,0.00013609998859465122
10,97,2.189993392676115e-05,0.0003782000858336687,0.0012648000847548246,0.0003205999964848161
10,98,2.1700048819184303e-05,0.0003744000568985939,0.0012426999164745212,0.000492400024086237
10,99,2.2099935449659824e-05,0.000380899989977479,0.001469200011342764,0.00038430001586675644
40,0,7.379997987300158e-05,0.002280800021253526,0.027104799984954298,0.004522799979895353
40,1,0.00017779995687305927,0.002489500096999109,0.03729090001434088,0.00569219992030412
40,2,8.040003012865782e-05,0.002397299977019429,0.03282789990771562,0.018108800053596497
40,3,7.98000255599618e-05,0.0020551000488922,0.029460799996741116,0.005877200048416853
40,4,7.299997378140688e-05,0.0020667999051511288,0.030135300010442734,0.008665800094604492
40,5,7.469998672604561e-05,0.002034400007687509,0.027022699941881,0.00413949997164309
40,6,7.730000652372837e-05,0.002015099977143109,0.02691190002951771,0.003655300009995699
40,7,7.429998368024826e-05,0.002009000047110021,0.026203200104646385,0.004475199966691434
40,8,7.459998596459627e-05,0.0020094000501558185,0.026073499931953847,0.005906199919991195
40,9,7.409998215734959e-05,0.0019878000020980835,0.02905419992748648,0.006577200023457408
40,10,7.369997911155224e-05,0.0020475999917834997,0.026147900032810867,0.005900499993003905
40,11,7.339997682720423e-05,0.002019600011408329,0.028362000011838973,0.006446999963372946
40,12,7.420009933412075e-05,0.002007500035688281,0.029341999907046556,0.005695699946954846
40,13,7.409998215734959e-05,0.0020866000559180975,0.02835919999051839,0.007126700016669929
40,14,7.720000576227903e-05,0.002070800052024424,0.032078900025226176,0.006057700025849044
40,15,7.349997758865356e-05,0.002047999994829297,0.03182090003974736,0.006279199966229498
40,16,7.43999844416976e-05,0.0020304000936448574,0.026362599921412766,0.005543800070881844
40,17,7.259997073560953e-05,0.002136500086635351,0.02488830010406673,0.0038304999470710754
40,18,7.27000879123807e-05,0.0020004999823868275,0.02628329989966005,0.004151900066062808
40,19,7.720000576227903e-05,0.0021117000142112374,0.030272800009697676,0.007199399988166988
40,20,7.539999205619097e-05,0.002089100074954331,0.02684950002003461,0.007233800017274916
40,21,7.539999205619097e-05,0.002095600008033216,0.027748299995437264,0.006401500082574785
40,22,7.539999205619097e-05,0.002053300035186112,0.02765419997740537,0.005811800016090274
40,23,7.54999928176403e-05,0.002067800029180944,0.03163199999835342,0.008494199952110648
40,24,7.399998139590025e-05,0.002898199949413538,0.029552499996498227,0.004510700004175305
40,25,7.559999357908964e-05,0.002028099959716201,0.028208600007928908,0.005690300022251904
40,26,7.469998672604561e-05,0.002076999982818961,0.031539699994027615,0.003296300070360303
40,27,7.569999434053898e-05,0.0020452000899240375,0.026854700059629977,0.004982499987818301
40,28,7.770000956952572e-05,0.0020396000472828746,0.03202169993892312,0.008621699991635978
40,29,7.369997911155224e-05,0.002027900074608624,0.025901900022290647,0.007481799926608801
40,30,7.559999357908964e-05,0.002046000096015632,0.027729400084353983,0.006769599975086749
40,31,7.850001566112041e-05,0.001998299965634942,0.028628499945625663,0.0044469001004472375
40,32,7.379997987300158e-05,0.002011299948208034,0.02543050004169345,0.0062070999993011355
40,33,7.54999928176403e-05,0.0020321999909356236,0.028685100027360022,0.006813899963162839
40,34,7.459998596459627e-05,0.0020219000289216638,0.02786579995881766,0.008636599988676608
40,35,7.349997758865356e-05,0.002010999945923686,0.02709550003055483,0.006558499997481704
40,36,7.259997073560953e-05,0.0020430999575182796,0.03251980000641197,0.004811599967069924
40,37,0.00012630003038793802,0.0020453999750316143,0.02840399998240173,0.002938500023446977
40,38,7.309997454285622e-05,0.0020487000001594424,0.029075399972498417,0.006075199926272035
40,39,7.309997454285622e-05,0.002032599993981421,0.02754340006504208,0.005752299912273884
40,40,7.51999905332923e-05,0.002036699908785522,0.02756509999744594,0.005709300050511956
40,41,7.309997454285622e-05,0.002027499955147505,0.030172300059348345,0.00430120003875345
40,42,7.16999638825655e-05,0.0020354000153020024,0.029110000003129244,0.0067156999139115214
40,43,7.619999814778566e-05,0.002065100008621812,0.026606200030073524,0.003863200079649687
40,44,7.850001566112041e-05,0.0020317999878898263,0.03169829992111772,0.004963599960319698
40,45,7.639999967068434e-05,0.002446700003929436,0.029554800014011562,0.0032799000618979335
40,46,7.219996768981218e-05,0.002053799922578037,0.030851999996230006,0.006881100009195507
40,47,7.51999905332923e-05,0.0020215000258758664,0.029859500005841255,0.005402300041168928
40,48,7.43999844416976e-05,0.0020189000060781837,0.026448699994944036,0.004355999990366399
40,49,7.269997149705887e-05,0.0020366000244393945,0.025315299979411066,0.006368499947711825
40,50,7.379997987300158e-05,0.0019939999328926206,0.026040000026114285,0.0036010000621899962
40,51,7.299997378140688e-05,0.001962000038474798,0.028264999971725047,0.005065400036983192
40,52,7.419998291879892e-05,0.0020301000913605094,0.0258158000651747,0.006204099976457655
40,53,7.479998748749495e-05,0.0020349000114947557,0.028782100067473948,0.0070958000142127275
40,54,7.389998063445091e-05,0.0020305999787524343,0.02838150004390627,0.004846600000746548
40,55,7.51999905332923e-05,0.0020409999415278435,0.027069600066170096,0.005817799945361912
40,56,7.489998824894428e-05,0.002061899984255433,0.026146300020627677,0.00611910002771765
40,57,7.509998977184296e-05,0.003709399956278503,0.027281599934212863,0.006634899997152388
40,58,7.860001642256975e-05,0.002184899989515543,0.023914100020192564,0.006809400045312941
40,59,7.569999434053898e-05,0.002030199975706637,0.02529379993211478,0.0064561000326648355
40,60,7.509998977184296e-05,0.0020271000685170293,0.02853910007979721,0.006001699948683381
40,61,7.459998596459627e-05,0.0020454999757930636,0.026546399923972785,0.006331700016744435
40,62,7.670000195503235e-05,0.0019980999641120434,0.02630470006261021,0.005103499977849424
40,63,7.280008867383003e-05,0.002134599955752492,0.02867189992684871,0.005313800065778196
40,64,7.229996845126152e-05,0.002020500018261373,0.028295300086028874,0.006098699988797307
40,65,7.27999722585082e-05,0.0020327999955043197,0.02948539995122701,0.004406000021845102
40,66,7.399998139590025e-05,0.002010400057770312,0.03008830000180751,0.004964900086633861
40,67,7.489998824894428e-05,0.00199859996791929,0.026165599934756756,0.005382300005294383
40,68,7.479998748749495e-05,0.0019996999762952328,0.027854899992235005,0.004358700010925531
40,69,7.379997987300158e-05,0.00202550005633384,0.02768120006658137,0.0049622999504208565
40,70,7.479998748749495e-05,0.002016299986280501,0.02808939991518855,0.004317900049500167
40,71,7.330009248107672e-05,0.0020340000046417117,0.02968219993636012,0.005374099942855537
40,72,7.71000050008297e-05,0.0020400999346747994,0.03194369992706925,0.005670600105077028
40,73,7.269997149705887e-05,0.002044099965132773,0.023093100055120885,0.005391099955886602
40,74,7.259997073560953e-05,0.0020097000524401665,0.028088700026273727,0.004001999972388148
40,75,7.46001023799181e-05,0.002065200009383261,0.026838499936275184,0.0053041999926790595
40,76,7.509998977184296e-05,0.002125500002875924,0.028675899957306683,0.00591030006762594
40,77,9.169999975711107e-05,0.0020692000398412347,0.030478399945423007,0.005682299961335957
40,78,7.810001261532307e-05,0.002053900039754808,0.028326100087724626,0.00563589995726943
40,79,7.509998977184296e-05,0.0020388999255374074,0.02895219996571541,0.006145399995148182
40,80,7.319997530430555e-05,0.002072600065730512,0.026391500025056303,0.005217400030232966
40,81,7.239996921271086e-05,0.0020679000299423933,0.02538010000716895,0.004654899938032031
40,82,7.229996845126152e-05,0.002041999949142337,0.029226399958133698,0.007446200004778802
40,83,7.479998748749495e-05,0.0020222000312060118,0.027568600024096668,0.0047299000434577465
40,84,7.509998977184296e-05,0.002023400040343404,0.023826800053939223,0.006012600031681359
40,85,7.399998139590025e-05,0.0021254000021144748,0.02958480000961572,0.005849800072610378
40,86,7.54999928176403e-05,0.00216780009213835,0.03132320009171963,0.004749499959871173
40,87,7.459998596459627e-05,0.002047700108960271,0.030672600027173758,0.003989699995145202
40,88,7.200008258223534e-05,0.002044999971985817,0.024530499940738082,0.005267400061711669
40,89,7.670000195503235e-05,0.0020083999261260033,0.026176000013947487,0.005308900028467178
40,90,7.720000576227903e-05,0.0020886000711470842,0.026985200005583465,0.004650400020182133
40,91,7.399998139590025e-05,0.002045299974270165,0.029385200003162026,0.004280699999071658
40,92,7.349997758865356e-05,0.002043600077740848,0.027179400087334216,0.005953499930910766
40,93,7.35999783501029e-05,0.002069199923425913,0.030729199992492795,0.005243899999186397
40,94,7.819989696145058e-05,0.0021431000204756856,0.02898510009981692,0.006796700065024197
40,95,7.459998596459627e-05,0.002022900036536157,0.028014999930746853,0.005500899977050722
40,96,7.619999814778566e-05,0.002007800037972629,0.02927370008546859,0.005171000026166439
40,97,7.730000652372837e-05,0.0020332999993115664,0.027709600050002337,0.0059220000403001904
40,98,7.260008715093136e-05,0.0020329999970272183,0.024681600043550134,0.007297100033611059
40,99,7.539999205619097e-05,0.00202819996047765,0.02626579999923706,0.005503399996086955
100,0,0.0001735000405460596,0.009474999969825149,0.2663530999561772,0.05326229997444898
100,1,0.00017709995154291391,0.009314000024460256,0.26107010000851005,0.03643159999046475
100,2,0.00017260003369301558,0.009386699995957315,0.24971669993828982,0.05122889997437596
100,3,0.00017910008318722248,0.00926910003181547,0.26052389992401004,0.04391769994981587
100,4,0.0001708000199869275,0.009405100019648671,0.23840249993372709,0.044035399914719164
100,5,0.000174800050444901,0.009388100006617606,0.26740279991645366,0.05390099994838238
100,6,0.0001767999492585659,0.009308399981819093,0.24736429995391518,0.05418059998191893
100,7,0.00017389992717653513,0.009416499990038574,0.25536740000825375,0.04210369999054819
100,8,0.0001743000466376543,0.01009420002810657,0.26146199996583164,0.04281000001356006
100,9,0.0001759999431669712,0.009933499968610704,0.273730400018394,0.05693540000356734
100,10,0.0001756999408826232,0.009395399945788085,0.24821310001425445,0.05813769996166229
100,11,0.00017539993859827518,0.009355899994261563,0.2668933999957517,0.05639229994267225
100,12,0.00018289999570697546,0.009402700001373887,0.2747559000272304,0.03487929992843419
100,13,0.0001767000649124384,0.01081999996677041,0.2841025999514386,0.05150080006569624
100,14,0.00017330003902316093,0.009487199946306646,0.25030039995908737,0.050944100017659366
100,15,0.00017120002303272486,0.00947660009842366,0.24720450001768768,0.044835599954240024
100,16,0.00017629994545131922,0.009465300012379885,0.25512590003199875,0.05697120004333556
100,17,0.0001735000405460596,0.009378899936564267,0.2494781999848783,0.05317750002723187
100,18,0.00017630006186664104,0.009757300023920834,0.2650759000098333,0.04448389995377511
100,19,0.00017690006643533707,0.009891499998047948,0.26020619994960725,0.0396273999940604
100,20,0.00017500005196779966,0.00933539995457977,0.2581432999577373,0.044522800017148256
100,21,0.00017610006034374237,0.00942160002887249,0.24046480003744364,0.04582340002525598
100,22,0.000175100052729249,0.009284900035709143,0.2582621000474319,0.05403819994535297
100,23,0.00017330003902316093,0.00941109994892031,0.273660899954848,0.0450140000320971
100,24,0.00017399992793798447,0.009435500018298626,0.2670495000202209,0.04704489989671856
100,25,0.00017269991803914309,0.00933389994315803,0.2595594000304118,0.049055300070904195
100,26,0.00017330003902316093,0.009312900016084313,0.2645581999095157,0.04359030001796782
100,27,0.000174800050444901,0.009536800091154873,0.256944700027816,0.050585499964654446
100,28,0.0001732000382617116,0.009505599969998002,0.25535849994048476,0.037977200001478195
100,29,0.00018200010526925325,0.009412699961103499,0.24854969989974052,0.05398960004094988
100,30,0.00018880004063248634,0.009344000020064414,0.2570087999338284,0.049635899951681495
100,31,0.0001770000671967864,0.009322599973529577,0.25902499991934747,0.05098469997756183
100,32,0.00017290003597736359,0.009407699923031032,0.2592728999443352,0.05091400002129376
100,33,0.00017589994240552187,0.009411699953489006,0.2703989000292495,0.0430597000522539
100,34,0.00017470004968345165,0.009375500027090311,0.2566369000123814,0.045564400032162666
100,35,0.00017760007176548243,0.009428499964997172,0.2591012999182567,0.04910509998444468
100,36,0.00017010001465678215,0.009340899996459484,0.2649486999725923,0.04172790003940463
100,37,0.00017629994545131922,0.009423600044101477,0.2848740000044927,0.043886100058443844
100,38,0.0001716000260785222,0.009408199926838279,0.2617064999649301,0.04204359999857843
100,39,0.00017289991956204176,0.009265100001357496,0.24182230001315475,0.05306209996342659
100,40,0.00017619994468986988,0.009332400048151612,0.24596980004571378,0.04903200000990182
100,41,0.00017360004130750895,0.009263799991458654,0.24227849999442697,0.03714719996787608
100,42,0.00018129998352378607,0.009488200070336461,0.26546080003026873,0.05482580000534654
100,43,0.0001821999903768301,0.009388200007379055,0.2568474999861792,0.04526919999625534
100,44,0.00017619994468986988,0.009326200000941753,0.25412359996698797,0.04168779996689409
100,45,0.00017030001617968082,0.009453000035136938,0.24661350005771965,0.06856619997415692
100,46,0.00017500005196779966,0.009292299975641072,0.24774959997739643,0.04784519993700087
100,47,0.00017509993631392717,0.009363500052131712,0.25153600005432963,0.04577540000900626
100,48,0.00017559994012117386,0.009411800070665777,0.24845050007570535,0.047013700008392334
100,49,0.0001767999492585659,0.009230899973772466,0.25643970002420247,0.047115499968640506
100,50,0.00017309992108494043,0.009302299935370684,0.2760605000657961,0.04701410001143813
100,51,0.00017390004359185696,0.009406799916177988,0.2650687999557704,0.054361200076527894
100,52,0.00017170002683997154,0.009322400088422,0.28733640001155436,0.048580999951809645
100,53,0.00017310003750026226,0.009245699970051646,0.25245139992330223,0.040691500063985586
100,54,0.00017260003369301558,0.009425999945960939,0.2544620999833569,0.0459214000729844
100,55,0.00017420004587620497,0.009367099963128567,0.2252265999559313,0.04348770005162805
100,56,0.0001838000025600195,0.009585699997842312,0.24435459997039288,0.0526901000412181
100,57,0.00017370004206895828,0.009579100064001977,0.26496239996049553,0.04552859999239445
100,58,0.00017319992184638977,0.009347400045953691,0.2630964000709355,0.04998150002211332
100,59,0.0001729999203234911,0.009415799984708428,0.24938930000644177,0.052652299986220896
100,60,0.00016980001237243414,0.00955909991171211,0.24734240001998842,0.05082540004514158
100,61,0.0001818999880924821,0.009501599939540029,0.2703175999922678,0.059708000044338405
100,62,0.00017859996296465397,0.009436600026674569,0.25746150000486523,0.057315200101584196
100,63,0.00021029997151345015,0.00954160001128912,0.2748081999598071,0.04530040000099689
100,64,0.000277700019069016,0.011351699940860271,0.25580889999400824,0.05239300010725856
100,65,0.00017710006795823574,0.009397399961017072,0.26858139992691576,0.05679290008265525
100,66,0.00017390004359185696,0.00936080003157258,0.25626549997832626,0.044398300000466406
100,67,0.00017090002074837685,0.010572000057436526,0.2608153000473976,0.06091070000547916
100,68,0.000179499969817698,0.009660999989137053,0.2678673999616876,0.046642999979667366
100,69,0.0001810999820008874,0.009725100011564791,0.2655605999752879,0.053147399914450943
100,70,0.00017690006643533707,0.013830099953338504,0.2647640999639407,0.05410710000433028
100,71,0.00018900004215538502,0.010438599972985685,0.28280619997531176,0.04615319997537881
100,72,0.0002544000744819641,0.009654199937358499,0.2697744999313727,0.0420980000635609
100,73,0.00017900008242577314,0.009563299943692982,0.28948239993769675,0.03797449998091906
100,74,0.00018199998885393143,0.010545000084675848,0.2823828000109643,0.05066189996432513
100,75,0.00017699995078146458,0.009459700086154044,0.25564810005016625,0.04065919993445277
100,76,0.00019479996990412474,0.010172400041483343,0.28183450002688915,0.0494480999186635
100,77,0.00017550005577504635,0.009302500053308904,0.29428009991534054,0.04363769991323352
100,78,0.00018159998580813408,0.009635500027798116,0.26046030002180487,0.05223709996789694
100,79,0.00017959997057914734,0.009515300043858588,0.2574958000332117,0.04806800000369549
100,80,0.00017490005120635033,0.009359000017866492,0.25425979995634407,0.04124199994839728
100,81,0.00017629994545131922,0.009364199941046536,0.24898939998820424,0.044622200075536966
100,82,0.00017760007176548243,0.010312500060535967,0.2620979000348598,0.062191099976189435
100,83,0.00017549993935972452,0.009491999982856214,0.262522800010629,0.04939029994420707
100,84,0.00017899996601045132,0.009415999986231327,0.26331890001893044,0.03992719994857907
100,85,0.00017470004968345165,0.010369200026616454,0.2618518000235781,0.0551465000025928
100,86,0.00017779995687305927,0.009467399911954999,0.24494240002240986,0.037764000007882714
100,87,0.0001748999347910285,0.009605600032955408,0.25744790001772344,0.047993999905884266
100,88,0.000232999911531806,0.009684099932201207,0.2879182000178844,0.04626139998435974
100,89,0.00017100002150982618,0.009787700022570789,0.26152179995551705,0.0530173999723047
100,90,0.0001799999736249447,0.009655000059865415,0.2580714999930933,0.04640929994639009
100,91,0.000175100052729249,0.009439100045710802,0.2742127999663353,0.050290900049731135
100,92,0.0001876999158412218,0.009410500060766935,0.2742416000692174,0.06044779997318983
100,93,0.00017609994392842054,0.010270500089973211,0.27274500008206815,0.04390079993754625
100,94,0.0001775999553501606,0.009461099980399013,0.25672549998853356,0.045207299990579486
100,95,0.0001802999759092927,0.009370299987494946,0.267794799990952,0.05066049995366484
100,96,0.00017689995002001524,0.00954439991619438,0.2735981000587344,0.04609399999026209
100,97,0.00017749995458871126,0.009358700015582144,0.2630852999864146,0.04032459994778037
100,98,0.00017709995154291391,0.00935930002015084,0.2607412999495864,0.04767090000677854
100,99,0.00017140002455562353,0.009410400060005486,0.2804170000599697,0.05369600001722574
400,0,0.0008345999522134662,0.33416460000444204,15.05788980005309,1.521762700052932
400,1,0.0008564000017940998,0.3389939999906346,18.20234319998417,1.6561979999532923
400,2,0.0008482999401167035,0.31050049990881234,14.35683639999479,2.0942350000841543
400,3,0.0008382000960409641,0.30656179995276034,18.555929699912667,2.069675200036727
400,4,0.0008439000230282545,0.3071404999354854,13.723218599916436,2.03876330005005
400,5,0.0008467000443488359,0.31272449996322393,14.064030400011688,2.0753869999898598
400,6,0.0010847999947145581,0.3747852999949828,17.73318300000392,1.8857606999808922
400,7,0.00149940000846982,0.30856209993362427,15.12023959995713,1.663556499988772
400,8,0.0008656999561935663,0.3063364999834448,14.243694700067863,1.9340580999851227
400,9,0.0008441000245511532,0.3189121000468731,13.134920999989845,1.700130800018087
400,10,0.0008474000496789813,0.3044655000558123,13.927763400017284,1.6284369999775663
400,11,0.0008407999994233251,0.3046039000619203,13.638617799966596,2.1426383999641985
400,12,0.0008680000901222229,0.3071081000380218,13.852272099931724,1.4248667999636382
400,13,0.0008542999858036637,0.3150638999650255,13.881013299920596,1.6604126000311226
400,14,0.0009347999002784491,0.3173029999015853,14.187433400074951,1.6104537000646815
400,15,0.0008485999424010515,0.31917360005900264,13.621357800089754,1.8436736000003293
400,16,0.0010187000734731555,0.32040590001270175,13.698753700009547,1.6311656000325456
400,17,0.000914999982342124,0.3061100000049919,13.710288500064053,1.6105557000264525
400,18,0.0008435000199824572,0.30662990000564605,13.250604899949394,1.7846581999910995
400,19,0.0008426998974755406,0.3231880000093952,13.646164200035855,1.7326283000875264
400,20,0.0008417000062763691,0.30652199999894947,14.051463600015268,1.5726080000167713
400,21,0.0008444000268355012,0.3067075000144541,13.173345300019719,1.8545925000216812
400,22,0.0008419000077992678,0.3135330999502912,13.375895400065929,2.3654540000716224
400,23,0.0008536999812349677,0.305566499941051,13.545032100053504,1.6298316000029445
400,24,0.0008634999394416809,0.3208034000126645,13.699915800010785,1.7023093999596313
400,25,0.0008617999264970422,0.32533800008241087,14.070684700040147,1.754829699988477
400,26,0.001027700025588274,0.33315309998579323,14.614324799971655,1.7025692999595776
400,27,0.0008384999819099903,0.3068982999539003,13.797217200044543,1.6325451000593603
400,28,0.0008407999994233251,0.30588550004176795,13.959079000051133,1.5900948999915272
400,29,0.0008532999781891704,0.31712869997136295,13.474009099998511,1.9065627999370918
400,30,0.0010198999661952257,0.3190150000154972,13.83530629996676,1.6875173000153154
400,31,0.0009150999831035733,0.31951349996961653,14.027574599953368,2.1834429000737146
400,32,0.0009220000356435776,0.319256899994798,13.555149400024675,1.8780472000362352
400,33,0.0008509999606758356,0.30471119994763285,12.959671400021762,1.7593734000110999
400,34,0.0008460000390186906,0.31157190003432333,13.440458599943668,1.7454036999261007
400,35,0.0008631000528112054,0.323255299939774,14.008194699999876,1.9445754999760538
400,36,0.0008526999736204743,0.3065855000168085,13.233991299988702,1.8030688000144437
400,37,0.0008362000808119774,0.311889800010249,13.866715100011788,1.67835910001304
400,38,0.0008434000192210078,0.3105012000305578,13.881431399961002,1.7322629999835044
400,39,0.0008614000398665667,0.3043600000673905,17.977527800016105,1.9560039999196306
400,40,0.0008443000260740519,0.3132732999511063,13.282238999963738,1.4309793000575155
400,41,0.0008399999933317304,0.3208786000031978,14.250198199995793,1.694417200051248
400,42,0.0008683999767526984,0.31940720009151846,14.145696100080386,1.7363557000644505
400,43,0.0008431999012827873,0.3229000000283122,13.970128700020723,1.6313513999339193
400,44,0.000840499997138977,0.3213185000931844,14.65259850001894,1.7546807999024168
400,45,0.0008454000344499946,0.30871819995809346,13.65954869997222,1.6476584000047296
400,46,0.0008370000869035721,0.3217224000254646,13.670630599954166,1.6572833999525756
400,47,0.0008439000230282545,0.3076658999780193,13.375275600003079,1.982931499951519
400,48,0.0008551999926567078,0.31491179997101426,14.79247830004897,1.6639369999757037
400,49,0.0008482999401167035,0.30812719999812543,18.156673600082286,1.8468638999620453
400,50,0.0008484999416396022,0.31296170002315193,13.069442700012587,1.8701442999299616
400,51,0.0008434000192210078,0.3227001999039203,13.977382299955934,1.692672700039111
400,52,0.0008628000505268574,0.3256808000151068,14.136909799999557,1.823504599975422
400,53,0.0008429000154137611,0.32324529998004436,13.650293799932115,1.5631389999762177
400,54,0.0009044000180438161,0.31706000003032386,13.409406800055876,1.8123920999933034
400,55,0.000848200055770576,0.3237344999797642,13.629211199935526,1.7867794999619946
400,56,0.0009223000379279256,0.3154631999786943,13.49305159994401,1.67455009999685
400,57,0.0008497999515384436,0.30936069996096194,13.879808400059119,1.8326981000136584
400,58,0.0009207000257447362,0.3255362999625504,13.87067139998544,1.766343199997209
400,59,0.0008312000427395105,0.32632489991374314,18.362249600002542,1.6881876999977976
400,60,0.0008470999309793115,0.30684739991556853,14.460008100024424,2.4757266000378877
400,61,0.0010583000257611275,0.31584870000369847,13.226309500052594,1.7298134999582544
400,62,0.0008379999781027436,0.3073745999718085,14.245839499984868,1.7019136000890285
400,63,0.0008365999674424529,0.3066204000497237,13.844875399954617,2.0367459999397397
400,64,0.0008917000377550721,0.3222869000164792,14.188349599950016,1.6532487999647856
400,65,0.0008406999986618757,0.3078260999172926,13.700395000050776,1.9149096000473946
400,66,0.0008322999347001314,0.33097660006023943,13.447448200080544,1.8295437999768183
400,67,0.0008478000527247787,0.31373480008915067,13.67328109999653,1.851621299982071
400,68,0.0008342999499291182,0.30619320005644113,13.871048799948767,1.6977766000200063
400,69,0.0009598999749869108,0.31454890000168234,14.047893800074235,2.1098631999921054
400,70,0.0008432000176981091,0.3188878999790177,13.250134799978696,1.5375112000619993
400,71,0.0008462999248877168,0.3117338999873027,13.68477240006905,1.416499000042677
400,72,0.0008458000374957919,0.32048540003597736,13.803807100048289,1.6687138000270352
400,73,0.000861200038343668,0.30438390001654625,13.653597000055015,1.6842085000826046
400,74,0.0008473999332636595,0.3126537000061944,13.988263000035658,1.8179623999167234
400,75,0.0008506999583914876,0.3239283000584692,13.987928100046702,1.8158867999445647
400,76,0.0008849999867379665,0.306776599958539,13.619985700002871,1.98263650003355
400,77,0.0008891000179573894,0.3046258999966085,13.39353709993884,1.4436563999624923
400,78,0.0008489999454468489,0.3085343000711873,14.216376499971375,1.2886997000314295
400,79,0.0008558999979868531,0.3058924999786541,13.773892599972896,1.554584400029853
400,80,0.0008355999598279595,0.33266040007583797,14.648405799991451,1.9871087999781594
400,81,0.0008327000541612506,0.3091380000114441,14.210442199953832,1.8824889999814332
400,82,0.0008767000399529934,0.31192629993893206,13.393813799950294,1.4745868999743834
400,83,0.0008360999636352062,0.31391999998595566,13.347667200025171,1.5366224999306723
400,84,0.0008447000291198492,0.31447579991072416,14.14954510005191,2.134979100083001
400,85,0.0008480000542476773,0.30531389999669045,13.723247200017795,1.5231106000719592
400,86,0.0008637999417260289,0.31714960001409054,13.501006299979053,1.6268711000448093
400,87,0.000848200055770576,0.30891979997977614,13.665832399972714,1.870695999939926
400,88,0.0008328999392688274,0.3158792000031099,13.421941800042987,1.763487600022927
400,89,0.0008538999827578664,0.30929609993472695,14.262689399998635,1.8257233999902382
400,90,0.0008454000344499946,0.3206725000636652,14.813731600064784,2.0839510000078008
400,91,0.0015447000041604042,0.30935849994421005,16.803121399949305,1.9087856999831274
400,92,0.0008434999035671353,0.3229617999168113,13.932185800047591,1.378892100066878
400,93,0.0008335000602528453,0.3243751999689266,14.492900699959137,1.7731709000654519
400,94,0.0013121000956743956,0.33073940000031143,13.727844300097786,1.6853387000737712
400,95,0.0009866999462246895,0.3244937000563368,13.827361100004055,1.7852922999300063
400,96,0.0008530999766662717,0.30990430002566427,13.846155200037174,2.321568900020793
400,97,0.0008620999287813902,0.3209377999883145,13.695414599962533,1.5631379999686033
400,98,0.0008597000269219279,0.3065564000280574,13.570024200016633,1.7723918000701815
400,99,0.0008585000177845359,0.312383099924773,13.269544500042684,1.806306999991648
1000,0,0.002666399930603802,5.512667799950577,256.7531604000833,18.348862300044857
1000,1,0.0027074000099673867,5.494288900052197,255.24570840003435,15.384979599970393
1000,2,0.00299000006634742,5.431938899913803,259.15910699998494,13.051573700038716
1000,3,0.0026102999690920115,5.496215200051665,255.75397449999582,12.552476200042292
1000,4,0.0037779000122100115,5.436765399994329,250.89500200003386,13.317365600029007

1000,5,0.004384599975310266,5.445594999939203,256.38426820002496,13.367446099990048
1000,6,0.002615200006403029,5.443318799952976,252.24271070002578,13.542599500040524
1000,7,0.002935199998319149,5.444802499958314,249.85810900002252,12.95069450000301
1000,8,0.0026137999957427382,5.440566599951126,254.17611979995854,12.216753600048833
1000,9,0.0028737999964505434,5.414335899986327,252.2270291999448,13.45651520008687
1000,10,0.0025915999431163073,5.457922299974598,249.66284220002126,13.790506699937396
1000,11,0.0036916000535711646,5.416823200066574,257.7223400999792,15.033637500018813
1000,12,0.0026025999104604125,5.454618399962783,256.780729399994,14.096452599973418
1000,13,0.002827799995429814,5.407460899907164,250.64806040003896,12.915178499999456
1000,14,0.0026223999448120594,5.439625200000592,251.86863469996024,14.513671400025487
1000,15,0.0028098999755457044,5.403984899981879,259.82999539992306,12.777693600044586
1000,16,0.0026108999736607075,5.442643599933945,249.9416766000213,15.65880630002357
1000,17,0.0028464000206440687,5.418580499943346,249.90327270003036,14.808154900092632
1000,18,0.0026789000257849693,5.448117200052366,251.6628060999792,15.679175999946892
1000,19,0.0029603000730276108,5.403643399942666,255.0628684000112,13.199171400046907
1000,20,0.0026151000056415796,5.451372500043362,248.76864799996838,14.017191900056787
1000,21,0.0028141000075265765,5.441444500000216,253.85665980004705,14.149682600051165
1000,22,0.002578199957497418,5.4444025999400765,251.4035066999495,14.864189499989152
1000,23,0.0027695000171661377,5.435974100022577,247.5601439999882,13.375615699915215
1000,24,0.002732899971306324,5.438590200035833,247.4733367000008,13.566579599981196
1000,25,0.0026190999196842313,5.456942599965259,254.00777520006523,14.929093300015666
1000,26,0.002867399947717786,5.4280470999656245,245.90048640000168,15.280048200045712
1000,27,0.00270659988746047,5.425208300002851,250.94286490010563,12.468423699960113
1000,28,0.0027666999958455563,5.41316979995463,243.3450614999747,16.03935310000088
1000,29,0.0026976000517606735,5.454813400050625,254.9529629999306,13.981759599992074
1000,30,0.0028234999626874924,5.432856100029312,255.00409389997367,12.667790099978447
1000,31,0.0026154000079259276,5.4732421999797225,254.2072442000499,13.518774600001052
1000,32,0.0029088000301271677,5.409937800024636,251.92999730003066,14.467908199992962
1000,33,0.002646600012667477,5.428362900041975,248.22676580003463,14.929052599938586
1000,34,0.0026019999058917165,5.427040200098418,251.37606040004175,10.592761799925938
1000,35,0.0026418999768793583,5.484212400042452,254.1497365999967,14.74080559995491
1000,36,0.0028218000661581755,5.417315199971199,254.97344179998618,17.33143070002552
1000,37,0.0026216000551357865,5.462472299928777,247.3133643999463,12.32460270007141
1000,38,0.0027919000713154674,5.411861500004306,252.4064818000188,14.775488100014627
1000,39,0.002724600024521351,5.4219587000552565,247.12110910005867,12.651805899920873
1000,40,0.002863400033675134,5.434503199998289,250.8569690999575,13.376638400019147
1000,41,0.002617000020109117,5.4572241000132635,249.50046509993263,11.752312000025995
1000,42,0.0028737999964505434,5.405653499998152,249.42413709999528,14.809697100077756
1000,43,0.0035212000366300344,5.470428799977526,256.95704299991485,14.284067499917
1000,44,0.002827899996191263,5.444256399990991,255.91219519998413,11.46298100007698
1000,45,0.0026446999981999397,5.461742600076832,253.60326330002863,16.48394179996103
1000,46,0.0027667999966070056,5.369230000069365,253.54780579998624,13.57886889996007
1000,47,0.0027608999516814947,5.332594799925573,254.84328859997913,13.040101899998263
1000,48,0.0027534000109881163,5.336477400036529,255.76341809995938,15.114352999953553
1000,49,0.0027794999768957496,5.32374180003535,249.27773870003875,11.590048599988222
1000,50,0.0027584999334067106,5.31463789998088,258.09539070003666,12.376773199997842
1000,51,0.00277339993044734,5.335669699939899,249.95258620008826,13.431514300056733
1000,52,0.002750599989667535,5.344541999977082,251.47770029993262,10.415744400001131
1000,53,0.002763299969956279,5.348147999960929,253.95067129994277,12.267949300003238
1000,54,0.0027654001023620367,5.334790900000371,258.0314830999123,14.476309700054117
1000,55,0.0027625999646261334,5.340982499998063,256.2022241000086,13.254694900009781
1000,56,0.0027470000786706805,5.321720900014043,247.5205641000066,14.965584799996577
1000,57,0.00279150006826967,5.347127399989404,249.91706909995992,14.582471699919552
1000,58,0.002745900070294738,5.33885719999671,256.1669363999972,12.105025400058366
1000,59,0.002754999906755984,5.331832500058226,246.61575410002843,15.407042700098827
1000,60,0.0027716000331565738,5.345130100031383,247.58843919995707,14.388480299967341
1000,61,0.002765999990515411,5.365772099932656,253.32584369997494,11.421296300017275
1000,62,0.0027724000392481685,5.335297900019214,248.14055040001404,12.786389100016095
1000,63,0.0027797999791800976,5.3393497000215575,245.80475799995475,13.574420799966902
1000,64,0.002794999978505075,5.332271300023422,243.16820630000439,16.226138600031845
1000,65,0.002772600040771067,5.331177099957131,253.29113499994855,13.076555999927223
1000,66,0.0027548999059945345,5.340205200016499,245.82451130007394,12.626229700050317
1000,67,0.0027649999829009175,5.339020799961872,250.68664820003323,15.009926300030202
1000,68,0.0028304000152274966,5.351982600055635,245.60315690003335,11.916305199963972
1000,69,0.0027754000620916486,5.335055699921213,251.16705739998724,12.338098300038837
1000,70,0.0027837000088766217,5.335164699936286,254.30540980002843,12.413913000025786
1000,71,0.0027830000035464764,5.356221199966967,248.80274849990383,14.58768640004564
1000,72,0.0027455000672489405,5.322352500050329,251.0274589000037,11.907744799973443
1000,73,0.0027709000278264284,5.340077699976973,252.73776779999025,15.96031590003986
1000,74,0.00276889989618212,5.3250045999884605,249.55664950003847,13.180143199977465
1000,75,0.002756900037638843,5.33519640006125,250.17021390004084,11.409249100019224
1000,76,0.0027595999417826533,5.337959299911745,247.07451910001691,13.29901110008359
1000,77,0.0027567000361159444,5.327749299933203,250.3795334000606,11.849776200018823
1000,78,0.002751899999566376,5.368971599964425,250.65792280004825,16.141532900044695
1000,79,0.0027250999119132757,5.341558499960229,246.29875330009963,13.86470720008947
1000,80,0.002798300003632903,5.3477987999795005,249.41430810000747,9.251141999964602
1000,81,0.0027673000004142523,5.314927199971862,248.104289000039,14.434383900021203
1000,82,0.0027477999683469534,5.364482200006023,250.8902473000344,13.930632300092839
1000,83,0.0027664999943226576,5.34599010006059,247.9458306999877,12.768772199982777
1000,84,0.0027489999774843454,5.336184600018896,247.53706240002066,15.898083999985829
1000,85,0.0027744999388232827,5.335747399949469,248.5527697999496,12.935448399977759
1000,86,0.0027750000590458512,5.352341299992986,246.4367643999867,14.154063199996017
1000,87,0.002749399980530143,5.345236100023612,243.73918559995946,12.93941160000395
1000,88,0.0027605999493971467,5.320023100008257,246.8635427999543,14.16074620001018
1000,89,0.0027590999379754066,5.3199669000459835,243.3186323000118,13.51868049998302
1000,90,0.002806499949656427,5.347059600055218,253.76289280003402,11.966124000027776
1000,91,0.0027577000437304378,5.3342648999532685,249.93817129998934,16.443446699995548
1000,92,0.002767500001937151,5.333134899963625,248.60724389995448,14.436321399989538
1000,93,0.0027679000049829483,5.3472956999903545,251.1536858000327,14.214524999959394
1000,94,0.0027625999646261334,5.331886900006793,243.17370310006663,13.333347599953413
1000,95,0.0027794999768957496,5.335035500000231,250.70600030000787,15.794186000013724
1000,96,0.0027336999773979187,5.366306399926543,246.8696229000343,14.628326500067487
1000,97,0.0027796999784186482,5.324025499983691,247.80485209997278,13.548789800028317
1000,98,0.002760999952442944,5.33519469993189,255.05325550003909,11.593805800075643
1000,99,0.002760100062005222,5.427349400008097,249.74947389995214,13.513463199837133
4000,0,-1.0,361.167380400002,300.0,288.58904550014995
4000,1,-1.0,359.9703134999145,300.0,283.93776590004563
4000,2,-1.0,359.62713700020686,300.0,274.59164689993486
4000,3,-1.0,360.61067550000735,300.0,260.9142277999781
4000,4,-1.0,359.489125699969,300.0,271.7580141001381
4000,5,-1.0,359.0817137998529,300.0,262.35426909988746
4000,6,-1.0,359.16620129998773,300.0,229.53833719994873
4000,7,-1.0,359.67547720018774,300.0,257.208656599978
4000,8,-1.0,-1.0,300.0,300.0
4000,9,-1.0,359.0471038001124,300.0,276.26145320013165
4000,10,-1.0,359.27913969988003,300.0,272.7285097998101
4000,11,-1.0,359.0686652001459,300.0,296.0916198999621
4000,12,-1.0,365.11002430017106,300.0,278.50327349989675
4000,13,-1.0,359.4154831999913,300.0,230.89806029992178
4000,14,-1.0,-1.0,300.0,300.0
4000,15,-1.0,361.32166480016895,300.0,239.71189419995062
4000,16,-1.0,359.4023671001196,300.0,281.8926165997982
4000,17,-1.0,359.4125957998913,300.0,243.058767599985
4000,18,-1.0,359.7798677999526,300.0,254.7693044000771
4000,19,-1.0,359.5828324002214,300.0,272.26080629997887
4000,20,-1.0,359.9470668998547,300.0,251.90204870002344
4000,21,-1.0,359.4560873999726,300.0,246.02763290004805
4000,22,-1.0,360.1233441999648,300.0,239.1168349001091
4000,23,-1.0,359.88421729998663,300.0,255.0274334999267
4000,24,-1.0,360.3322292000521,300.0,277.9072411998641
4000,25,-1.0,-1.0,300.0,300.0
4000,26,-1.0,359.6934420999605,300.0,263.23424599994905
4000,27,-1.0,-1.0,300.0,300.0
4000,28,-1.0,359.315035100095,300.0,267.5771336001344
4000,29,-1.0,359.5017226000782,300.0,291.0265451997984
4000,30,-1.0,359.628790799994,300.0,261.4381400998682
4000,31,-1.0,360.0258145001717,300.0,258.998452299973
4000,32,-1.0,359.86719639995135,300.0,279.66714609996416
4000,33,-1.0,359.5288784999866,300.0,259.2401168998331
4000,34,-1.0,359.7662579000462,300.0,289.1713602999225
4000,35,-1.0,359.6019470000174,300.0,251.5311965001747
4000,36,-1.0,359.10254089999944,300.0,266.29704049997963
4000,37,-1.0,359.3634627999272,300.0,269.87089940020815
